<?xml version="1.0" encoding="UTF-8"?>
<CDataFileMgr__ContentsOfDataFileXml>
  <disabledFiles />
  <includedXmlFiles />
  <includedDataFiles />
  <dataFiles>
    <Item>
      <filename>dlc_ccdclothesCRC:/common/data/mp_m_freemode_01_ccdclothes_shop.meta</filename>
      <fileType>SHOP_PED_APPAREL_META_FILE</fileType>
      <overlay value="false" />
      <disabled value="true" />
      <persistent value="false" />
    </Item>
    <Item>
      <filename>dlc_ccdclothes:/%PLATFORM%/models/cdimages/ccdclothes_m.rpf</filename>
      <fileType>RPF_FILE</fileType>
      <overlay value="true" />
      <disabled value="true" />
      <persistent value="true" />
    </Item>
    <Item>
      <filename>dlc_ccdclothesCRC:/common/data/mp_f_freemode_01_ccdclothes_shop.meta</filename>
      <fileType>SHOP_PED_APPAREL_META_FILE</fileType>
      <overlay value="false" />
      <disabled value="true" />
      <persistent value="false" />
    </Item>
    <Item>
      <filename>dlc_ccdclothes:/%PLATFORM%/models/cdimages/ccdclothes_f.rpf</filename>
      <fileType>RPF_FILE</fileType>
      <overlay value="true" />
      <disabled value="true" />
      <persistent value="true" />
    </Item>
  </dataFiles>
  <contentChangeSets>
    <Item>
      <changeSetName>ccdclothes_AUTOGEN</changeSetName>
      <mapChangeSetData />
      <filesToInvalidate />
      <filesToDisable />
      <filesToEnable>
        <Item>dlc_ccdclothesCRC:/common/data/mp_m_freemode_01_ccdclothes_shop.meta</Item>
        <Item>dlc_ccdclothes:/%PLATFORM%/models/cdimages/ccdclothes_m.rpf</Item>
        <Item>dlc_ccdclothesCRC:/common/data/mp_f_freemode_01_ccdclothes_shop.meta</Item>
        <Item>dlc_ccdclothes:/%PLATFORM%/models/cdimages/ccdclothes_f.rpf</Item>
      </filesToEnable>
      <txdToLoad />
      <txdToUnload />
      <residentResources />
      <unregisterResources />
      <requiresLoadingScreen value="false" />
    </Item>
  </contentChangeSets>
  <patchFiles />
</CDataFileMgr__ContentsOfDataFileXml>