﻿<?xml version="1.0" encoding="UTF-8"?>
<SSetupData>
  <deviceName>dlc_ccdclothes</deviceName>
  <datFile>content.xml</datFile>
  <timeStamp>12/25/2021 13:00:00</timeStamp>
  <nameHash>ccdclothes</nameHash>
  <contentChangeSets />
  <contentChangeSetGroups>
    <Item>
      <NameHash>GROUP_STARTUP</NameHash>
      <ContentChangeSets>
        <Item>ccdclothes_AUTOGEN</Item>
      </ContentChangeSets>
    </Item>
  </contentChangeSetGroups>
  <startupScript />
  <scriptCallstackSize value="0" />
  <type>EXTRACONTENT_COMPAT_PACK</type>
  <order value="1000" />
  <minorOrder value="0" />
  <isLevelPack value="false" />
  <dependencyPackHash />
  <requiredVersion />
  <subPackCount value="0" />
</SSetupData>